ID,Type,SKU,Name,Published,"Is featured?","Visibility in catalog","Short description",Description,"Date sale price starts","Date sale price ends","Tax status","Tax class","In stock?",Stock,"Low stock amount","Backorders allowed?","Sold individually?","Weight (kg)","Length (cm)","Width (cm)","Height (cm)","Allow customer reviews?","Purchase note","Sale price","Regular price",Categories,Tags,"Shipping class",Images,"Download limit","Download expiry days",Parent,"Grouped products",Upsells,Cross-sells,"External URL","Button text",Position,"Meta: cartflows_redirect_flow_id","Meta: cartflows_add_to_cart_text","Meta: _wc_gla_visibility","Meta: site-sidebar-layout","Meta: site-content-layout","Meta: theme-transparent-header-meta","Meta: _yoast_wpseo_focuskw","Meta: _yoast_wpseo_title","Meta: _yoast_wpseo_metadesc","Meta: _yoast_wpseo_linkdex","Meta: _yoast_wpseo_content_score","Meta: _yoast_wpseo_estimated-reading-time-minutes","Meta: _yoast_wpseo_primary_product_cat","Attribute 1 name","Attribute 1 value(s)","Attribute 1 visible","Attribute 1 global"
4297,simple,000001,"Air Nike",1,1,visible,"Nike Air Force 1 x Collor disponible dans toutes les tailles pour les hommes, les femmes et les enfants.\n\nN'hésitez pas à m'envoyer un message si vous désirez une autre couleur.\n\nComment entretenir la paire ?\n\nNe pas passer la paire de chaussure à la machine à laver.\nSi les chaussures sont sales nous vous recommandons de les frotter soigneusement avec un chiffon imbibé d'eau tiède.\n\nQuelle est la durée de vie d'un custom ?\n\nNos créations sont minutieusement imperméabilisées avec un vernis professionnel. Une fois appliqué sur le custom, ce dernier est imperméable, ne craque pas et ne se détache pas de son support. Cependant, tes chaussures sont devenues un «objet d'art» qui nécessite des précautions particulières. Il est conseillé d'éviter les soirées de débauches, les pluies diluviennes, et les endroits trop humides. Le but étant de ne pas risquer d'user la matière de base de la chaussure (cuir, plastique, tissus...) qui mettrait en danger ton custom.","Nike Air Force 1 x Collor disponible dans toutes les tailles pour les hommes, les femmes et les enfants.\n\nN'hésitez pas à m'envoyer un message si vous désirez une autre couleur.\n\nComment entretenir la paire ?\n\nNe pas passer la paire de chaussure à la machine à laver.\nSi les chaussures sont sales nous vous recommandons de les frotter soigneusement avec un chiffon imbibé d'eau tiède.\n\nQuelle est la durée de vie d'un custom ?\n\nNos créations sont minutieusement imperméabilisées avec un vernis professionnel. Une fois appliqué sur le custom, ce dernier est imperméable, ne craque pas et ne se détache pas de son support. Cependant, tes chaussures sont devenues un «objet d'art» qui nécessite des précautions particulières. Il est conseillé d'éviter les soirées de débauches, les pluies diluviennes, et les endroits trop humides. Le but étant de ne pas risquer d'user la matière de base de la chaussure (cuir, plastique, tissus...) qui mettrait en danger ton custom.",,,taxable,,1,50,5,0,1,,,,,1,,289,399,"Shoes, Uncategorized",,,https://localhost/shop_v2/wp-content/uploads/2021/06/il_794xN.2663665174_ui0n.jpg,,,,,,,,,0,,,sync-and-show,default,default,default,"air nike airr force women men boys girls","%%title%% %%page%% %%sep%% %%sitename%% disponible dans toutes les tailles pour les hommes, les femmes et les enfants.","Nike Air Force air nike jorden airmX 1 x Collor disponible dans toutes les tailles pour les hommes, les femmes et les enfants all size you can finded her",24,60,1,15,,,,
4300,simple,000001-1,"Air Jorden",1,1,visible,"Nike Air Force 1 x Collor disponible dans toutes les tailles pour les hommes, les femmes et les enfants.\n\nN'hésitez pas à m'envoyer un message si vous désirez une autre couleur.\n\nComment entretenir la paire ?\n\nNe pas passer la paire de chaussure à la machine à laver.\nSi les chaussures sont sales nous vous recommandons de les frotter soigneusement avec un chiffon imbibé d'eau tiède.\n\nQuelle est la durée de vie d'un custom ?\n\nNos créations sont minutieusement imperméabilisées avec un vernis professionnel. Une fois appliqué sur le custom, ce dernier est imperméable, ne craque pas et ne se détache pas de son support. Cependant, tes chaussures sont devenues un «objet d'art» qui nécessite des précautions particulières. Il est conseillé d'éviter les soirées de débauches, les pluies diluviennes, et les endroits trop humides. Le but étant de ne pas risquer d'user la matière de base de la chaussure (cuir, plastique, tissus...) qui mettrait en danger ton custom.","Nike Air Force 1 x Collor disponible dans toutes les tailles pour les hommes, les femmes et les enfants.\n\nN'hésitez pas à m'envoyer un message si vous désirez une autre couleur.\n\nComment entretenir la paire ?\n\nNe pas passer la paire de chaussure à la machine à laver.\nSi les chaussures sont sales nous vous recommandons de les frotter soigneusement avec un chiffon imbibé d'eau tiède.\n\nQuelle est la durée de vie d'un custom ?\n\nNos créations sont minutieusement imperméabilisées avec un vernis professionnel. Une fois appliqué sur le custom, ce dernier est imperméable, ne craque pas et ne se détache pas de son support. Cependant, tes chaussures sont devenues un «objet d'art» qui nécessite des précautions particulières. Il est conseillé d'éviter les soirées de débauches, les pluies diluviennes, et les endroits trop humides. Le but étant de ne pas risquer d'user la matière de base de la chaussure (cuir, plastique, tissus...) qui mettrait en danger ton custom.",,,taxable,,1,50,5,0,1,,,,,1,,289,399,"Shoes, Uncategorized",,,https://localhost/shop_v2/wp-content/uploads/2021/06/il_794xN.2970120362_h8d9.jpg,,,,,,,,,0,,,sync-and-show,default,default,default,"air nike airr force women men boys girls","%%title%% %%page%% %%sep%% %%sitename%% disponible dans toutes les tailles pour les hommes, les femmes et les enfants.","Nike Air Force air nike jorden airmX 1 x Collor disponible dans toutes les tailles pour les hommes, les femmes et les enfants all size you can finded her",24,60,1,15,,,,
4304,simple,000001-3,"Air max 1",1,1,visible,"Nike Air Force 1 x Collor disponible dans toutes les tailles pour les hommes, les femmes et les enfants.\n\nN'hésitez pas à m'envoyer un message si vous désirez une autre couleur.\n\nComment entretenir la paire ?\n\nNe pas passer la paire de chaussure à la machine à laver.\nSi les chaussures sont sales nous vous recommandons de les frotter soigneusement avec un chiffon imbibé d'eau tiède.\n\nQuelle est la durée de vie d'un custom ?\n\nNos créations sont minutieusement imperméabilisées avec un vernis professionnel. Une fois appliqué sur le custom, ce dernier est imperméable, ne craque pas et ne se détache pas de son support. Cependant, tes chaussures sont devenues un «objet d'art» qui nécessite des précautions particulières. Il est conseillé d'éviter les soirées de débauches, les pluies diluviennes, et les endroits trop humides. Le but étant de ne pas risquer d'user la matière de base de la chaussure (cuir, plastique, tissus...) qui mettrait en danger ton custom.","Nike Air Force 1 x Collor disponible dans toutes les tailles pour les hommes, les femmes et les enfants.\n\nN'hésitez pas à m'envoyer un message si vous désirez une autre couleur.\n\nComment entretenir la paire ?\n\nNe pas passer la paire de chaussure à la machine à laver.\nSi les chaussures sont sales nous vous recommandons de les frotter soigneusement avec un chiffon imbibé d'eau tiède.\n\nQuelle est la durée de vie d'un custom ?\n\nNos créations sont minutieusement imperméabilisées avec un vernis professionnel. Une fois appliqué sur le custom, ce dernier est imperméable, ne craque pas et ne se détache pas de son support. Cependant, tes chaussures sont devenues un «objet d'art» qui nécessite des précautions particulières. Il est conseillé d'éviter les soirées de débauches, les pluies diluviennes, et les endroits trop humides. Le but étant de ne pas risquer d'user la matière de base de la chaussure (cuir, plastique, tissus...) qui mettrait en danger ton custom.",,,taxable,,1,50,5,0,1,,,,,1,,289,399,"Shoes, Uncategorized",,,https://localhost/shop_v2/wp-content/uploads/2021/06/il_794xN.3149633096_72sf.jpg,,,,,,,,,0,,,sync-and-show,default,default,default,"air nike airr force women men boys girls","%%title%% %%page%% %%sep%% %%sitename%% disponible dans toutes les tailles pour les hommes, les femmes et les enfants.","Nike Air Force air nike jorden airmX 1 x Collor disponible dans toutes les tailles pour les hommes, les femmes et les enfants all size you can finded her",24,60,1,15,,,,
4306,simple,000001-4,"Air max 2",1,1,visible,"Nike Air Force 1 x Collor disponible dans toutes les tailles pour les hommes, les femmes et les enfants.\n\nN'hésitez pas à m'envoyer un message si vous désirez une autre couleur.\n\nComment entretenir la paire ?\n\nNe pas passer la paire de chaussure à la machine à laver.\nSi les chaussures sont sales nous vous recommandons de les frotter soigneusement avec un chiffon imbibé d'eau tiède.\n\nQuelle est la durée de vie d'un custom ?\n\nNos créations sont minutieusement imperméabilisées avec un vernis professionnel. Une fois appliqué sur le custom, ce dernier est imperméable, ne craque pas et ne se détache pas de son support. Cependant, tes chaussures sont devenues un «objet d'art» qui nécessite des précautions particulières. Il est conseillé d'éviter les soirées de débauches, les pluies diluviennes, et les endroits trop humides. Le but étant de ne pas risquer d'user la matière de base de la chaussure (cuir, plastique, tissus...) qui mettrait en danger ton custom.","Nike Air Force 1 x Collor disponible dans toutes les tailles pour les hommes, les femmes et les enfants.\n\nN'hésitez pas à m'envoyer un message si vous désirez une autre couleur.\n\nComment entretenir la paire ?\n\nNe pas passer la paire de chaussure à la machine à laver.\nSi les chaussures sont sales nous vous recommandons de les frotter soigneusement avec un chiffon imbibé d'eau tiède.\n\nQuelle est la durée de vie d'un custom ?\n\nNos créations sont minutieusement imperméabilisées avec un vernis professionnel. Une fois appliqué sur le custom, ce dernier est imperméable, ne craque pas et ne se détache pas de son support. Cependant, tes chaussures sont devenues un «objet d'art» qui nécessite des précautions particulières. Il est conseillé d'éviter les soirées de débauches, les pluies diluviennes, et les endroits trop humides. Le but étant de ne pas risquer d'user la matière de base de la chaussure (cuir, plastique, tissus...) qui mettrait en danger ton custom.",,,taxable,,1,50,5,0,1,,,,,1,,289,399,Shoes,,,https://localhost/shop_v2/wp-content/uploads/2021/06/il_794xN.3197340849_k8iw.jpg,,,,,,,,,0,,,sync-and-show,default,default,default,"air nike airr force women men boys girls","%%title%% %%page%% %%sep%% %%sitename%% disponible dans toutes les tailles pour les hommes, les femmes et les enfants.","Nike Air Force air nike jorden airmX 1 x Collor disponible dans toutes les tailles pour les hommes, les femmes et les enfants all size you can finded her",24,60,1,33,,,,
4308,simple,000001-5,"Air jorden 2",1,1,visible,"Nike Air Force 1 x Collor disponible dans toutes les tailles pour les hommes, les femmes et les enfants.\n\nN'hésitez pas à m'envoyer un message si vous désirez une autre couleur.\n\nComment entretenir la paire ?\n\nNe pas passer la paire de chaussure à la machine à laver.\nSi les chaussures sont sales nous vous recommandons de les frotter soigneusement avec un chiffon imbibé d'eau tiède.\n\nQuelle est la durée de vie d'un custom ?\n\nNos créations sont minutieusement imperméabilisées avec un vernis professionnel. Une fois appliqué sur le custom, ce dernier est imperméable, ne craque pas et ne se détache pas de son support. Cependant, tes chaussures sont devenues un «objet d'art» qui nécessite des précautions particulières. Il est conseillé d'éviter les soirées de débauches, les pluies diluviennes, et les endroits trop humides. Le but étant de ne pas risquer d'user la matière de base de la chaussure (cuir, plastique, tissus...) qui mettrait en danger ton custom.","Nike Air Force 1 x Collor disponible dans toutes les tailles pour les hommes, les femmes et les enfants.\n\nN'hésitez pas à m'envoyer un message si vous désirez une autre couleur.\n\nComment entretenir la paire ?\n\nNe pas passer la paire de chaussure à la machine à laver.\nSi les chaussures sont sales nous vous recommandons de les frotter soigneusement avec un chiffon imbibé d'eau tiède.\n\nQuelle est la durée de vie d'un custom ?\n\nNos créations sont minutieusement imperméabilisées avec un vernis professionnel. Une fois appliqué sur le custom, ce dernier est imperméable, ne craque pas et ne se détache pas de son support. Cependant, tes chaussures sont devenues un «objet d'art» qui nécessite des précautions particulières. Il est conseillé d'éviter les soirées de débauches, les pluies diluviennes, et les endroits trop humides. Le but étant de ne pas risquer d'user la matière de base de la chaussure (cuir, plastique, tissus...) qui mettrait en danger ton custom.",,,taxable,,1,50,5,0,1,,,,,1,,289,399,"Shoes, Uncategorized",,,https://localhost/shop_v2/wp-content/uploads/2021/06/il_794xN.3176343421_64z0.jpg,,,,,,,,,0,,,sync-and-show,default,default,default,"air nike airr force women men boys girls","%%title%% %%page%% %%sep%% %%sitename%% disponible dans toutes les tailles pour les hommes, les femmes et les enfants.","Nike Air Force air nike jorden airmX 1 x Collor disponible dans toutes les tailles pour les hommes, les femmes et les enfants all size you can finded her",24,60,1,15,,,,
4311,simple,000001-6,converse,1,1,visible,"Nike Air Force 1 x Collor disponible dans toutes les tailles pour les hommes, les femmes et les enfants.\n\nN'hésitez pas à m'envoyer un message si vous désirez une autre couleur.\n\nComment entretenir la paire ?\n\nNe pas passer la paire de chaussure à la machine à laver.\nSi les chaussures sont sales nous vous recommandons de les frotter soigneusement avec un chiffon imbibé d'eau tiède.\n\nQuelle est la durée de vie d'un custom ?\n\nNos créations sont minutieusement imperméabilisées avec un vernis professionnel. Une fois appliqué sur le custom, ce dernier est imperméable, ne craque pas et ne se détache pas de son support. Cependant, tes chaussures sont devenues un «objet d'art» qui nécessite des précautions particulières. Il est conseillé d'éviter les soirées de débauches, les pluies diluviennes, et les endroits trop humides. Le but étant de ne pas risquer d'user la matière de base de la chaussure (cuir, plastique, tissus...) qui mettrait en danger ton custom.","Nike Air Force 1 x Collor disponible dans toutes les tailles pour les hommes, les femmes et les enfants.\n\nN'hésitez pas à m'envoyer un message si vous désirez une autre couleur.\n\nComment entretenir la paire ?\n\nNe pas passer la paire de chaussure à la machine à laver.\nSi les chaussures sont sales nous vous recommandons de les frotter soigneusement avec un chiffon imbibé d'eau tiède.\n\nQuelle est la durée de vie d'un custom ?\n\nNos créations sont minutieusement imperméabilisées avec un vernis professionnel. Une fois appliqué sur le custom, ce dernier est imperméable, ne craque pas et ne se détache pas de son support. Cependant, tes chaussures sont devenues un «objet d'art» qui nécessite des précautions particulières. Il est conseillé d'éviter les soirées de débauches, les pluies diluviennes, et les endroits trop humides. Le but étant de ne pas risquer d'user la matière de base de la chaussure (cuir, plastique, tissus...) qui mettrait en danger ton custom.",,,taxable,,1,50,5,0,1,,,,,1,,289,399,"Shoes, Uncategorized",,,https://localhost/shop_v2/wp-content/uploads/2021/06/il_794xN.3014607366_6cjn.jpg,,,,,,,,,0,,,sync-and-show,default,default,default,"air nike airr force women men boys girls","%%title%% %%page%% %%sep%% %%sitename%% disponible dans toutes les tailles pour les hommes, les femmes et les enfants.","Nike Air Force air nike jorden airmX 1 x Collor disponible dans toutes les tailles pour les hommes, les femmes et les enfants all size you can finded her",24,60,1,15,,,,
4313,simple,000001-7,vans,1,1,visible,"Nike Air Force 1 x Collor disponible dans toutes les tailles pour les hommes, les femmes et les enfants.\n\nN'hésitez pas à m'envoyer un message si vous désirez une autre couleur.\n\nComment entretenir la paire ?\n\nNe pas passer la paire de chaussure à la machine à laver.\nSi les chaussures sont sales nous vous recommandons de les frotter soigneusement avec un chiffon imbibé d'eau tiède.\n\nQuelle est la durée de vie d'un custom ?\n\nNos créations sont minutieusement imperméabilisées avec un vernis professionnel. Une fois appliqué sur le custom, ce dernier est imperméable, ne craque pas et ne se détache pas de son support. Cependant, tes chaussures sont devenues un «objet d'art» qui nécessite des précautions particulières. Il est conseillé d'éviter les soirées de débauches, les pluies diluviennes, et les endroits trop humides. Le but étant de ne pas risquer d'user la matière de base de la chaussure (cuir, plastique, tissus...) qui mettrait en danger ton custom.","Nike Air Force 1 x Collor disponible dans toutes les tailles pour les hommes, les femmes et les enfants.\n\nN'hésitez pas à m'envoyer un message si vous désirez une autre couleur.\n\nComment entretenir la paire ?\n\nNe pas passer la paire de chaussure à la machine à laver.\nSi les chaussures sont sales nous vous recommandons de les frotter soigneusement avec un chiffon imbibé d'eau tiède.\n\nQuelle est la durée de vie d'un custom ?\n\nNos créations sont minutieusement imperméabilisées avec un vernis professionnel. Une fois appliqué sur le custom, ce dernier est imperméable, ne craque pas et ne se détache pas de son support. Cependant, tes chaussures sont devenues un «objet d'art» qui nécessite des précautions particulières. Il est conseillé d'éviter les soirées de débauches, les pluies diluviennes, et les endroits trop humides. Le but étant de ne pas risquer d'user la matière de base de la chaussure (cuir, plastique, tissus...) qui mettrait en danger ton custom.",,,taxable,,1,50,5,0,1,,,,,1,,289,399,"Shoes, Uncategorized",,,https://localhost/shop_v2/wp-content/uploads/2021/06/il_794xN.3212948753_jbiu.jpg,,,,,,,,,0,,,sync-and-show,default,default,default,"air nike airr force women men boys girls","%%title%% %%page%% %%sep%% %%sitename%% disponible dans toutes les tailles pour les hommes, les femmes et les enfants.","Nike Air Force air nike jorden airmX 1 x Collor disponible dans toutes les tailles pour les hommes, les femmes et les enfants all size you can finded her",24,60,1,15,,,,
4316,simple,000002,"Tshirt Marijuana",1,0,visible,"T-Shirt pour hommes de Marijuana vert feuille, en détresse de mauvaises herbes, Pot, fumée, bout rond, haut, AMD_1082 de chemises pour hommes Marijuana","<p class=""wt-text-body-03 wt-line-height-tight wt-break-word wt-mb-xs-1"" data-buy-box-listing-title=""true"">T-Shirt pour hommes de Marijuana vert feuille, en détresse de mauvaises herbes, Pot, fumée, bout rond, haut, AMD_1082 de chemises pour hommes Marijuana</p>",,,taxable,,1,,,0,0,,,,,1,,159,199,Tshirts,,,https://localhost/shop_v2/wp-content/uploads/2021/06/il_794xN.1008681194_gj9w.jpg,,,,,,,,,0,,,sync-and-show,default,default,default,"thsirt womrn girl boys men","%%title%% %%page%% %%sep%% %%sitename%% T-Shirt pour hommes de Marijuana vert feuille, en détresse de mauvaises herbes, Pot, fumée, bout rond, haut, AMD_1082 de chemises pour hommes Marijuana",,11,30,1,34,,,,
4318,simple,000002-1,"Tshirt jorden",1,0,visible,"T-Shirt pour hommes de jorden vert feuille, en détresse de mauvaises herbes, Pot, fumée, bout rond, haut, AMD_1082 de chemises pour hommes jorden","<p class=""wt-text-body-03 wt-line-height-tight wt-break-word wt-mb-xs-1"" data-buy-box-listing-title=""true"">T-Shirt pour hommes de jorden vert feuille, en détresse de mauvaises herbes, Pot, fumée, bout rond, haut, AMD_1082 de chemises pour hommes jorden</p>",,,taxable,,1,,,0,0,,,,,1,,159,199,Tshirts,,,https://localhost/shop_v2/wp-content/uploads/2021/06/il_794xN.2854585304_mrrg.jpg,,,,,,,,,0,,,sync-and-show,default,default,default,"thsirt womrn girl boys men","%%title%% %%page%% %%sep%% %%sitename%% T-Shirt pour hommes de jorden vert feuille, en détresse de mauvaises herbes, Pot, fumée, bout rond, haut, AMD_1082 de chemises pour hommes jorden",,11,60,1,34,,,,
4320,simple,000002-1-1,"Tshirt jorden 2",1,0,visible,"T-Shirt pour hommes de jorden vert feuille, en détresse de mauvaises herbes, Pot, fumée, bout rond, haut, AMD_1082 de chemises pour hommes jorden","<p class=""wt-text-body-03 wt-line-height-tight wt-break-word wt-mb-xs-1"" data-buy-box-listing-title=""true"">T-Shirt pour hommes de jorden vert feuille, en détresse de mauvaises herbes, Pot, fumée, bout rond, haut, AMD_1082 de chemises pour hommes jorden</p>",,,taxable,,1,,,0,0,,,,,1,,159,199,Tshirts,,,https://localhost/shop_v2/wp-content/uploads/2021/06/il_794xN.2366593178_dyxl.jpg,,,,,,,,,0,,,sync-and-show,default,default,default,"thsirt womrn girl boys men","%%title%% %%page%% %%sep%% %%sitename%% T-Shirt pour hommes de jorden vert feuille, en détresse de mauvaises herbes, Pot, fumée, bout rond, haut, AMD_1082 de chemises pour hommes jorden",,7,60,1,34,,,,
4322,simple,000002-1-1-1,"Tshirt fummer",1,0,visible,"T-Shirt pour hommes de jorden vert feuille, en détresse de mauvaises herbes, Pot, fumée, bout rond, haut, AMD_1082 de chemises pour hommes jorden","<p class=""wt-text-body-03 wt-line-height-tight wt-break-word wt-mb-xs-1"" data-buy-box-listing-title=""true"">T-Shirt pour hommes de fummervert feuille, en détresse de mauvaises herbes, Pot, fumée, bout rond, haut, AMD_1082 de chemises pour hommesfummer</p>",,,taxable,,1,,,0,0,,,,,1,,159,199,Tshirts,,,https://localhost/shop_v2/wp-content/uploads/2021/06/il_794xN.2595187401_tiao.jpg,,,,,,,,,0,,,sync-and-show,default,default,default,"thsirt womrn girl boys men","%%title%% %%page%% %%sep%% %%sitename%% T-Shirt pour hommes de jorden vert feuille, en détresse de mauvaises herbes, Pot, fumée, bout rond, haut, AMD_1082 de chemises pour hommes jorden",,7,30,1,34,,,,
4324,variable,000005,"Tshirt Polo",1,0,visible,"T-Shirt pour hommes de Polo vert feuille, en détresse de mauvaises herbes, Pot, fumée, bout rond, haut, AMD_1082 de chemises pour hommes Polo","<p class=""wt-text-body-03 wt-line-height-tight wt-break-word wt-mb-xs-1"" data-buy-box-listing-title=""true"">T-Shirt pour hommes de Polo vert feuille, en détresse de mauvaises herbes, Pot, fumée, bout rond, haut, AMD_1082 de chemises pour hommes Polo</p>",,,taxable,,1,100,5,notify,1,,,,,1,,,,Tshirts,,,https://localhost/shop_v2/wp-content/uploads/2021/06/il_794xN.2426031920_1ip8.jpg,,,,,,,,,0,,,sync-and-show,default,default,default,"thsirt women girl boys men","%%title%% %%page%% %%sep%% %%sitename%% T-Shirt pour hommes de Polo vert feuille, en détresse de mauvaises herbes, Pot, fumée, bout rond, haut, AMD_1082 de chemises pour hommes Polo",,14,60,1,34,Color,"White, Yellow, Black, Red",1,0
4326,variation,,"Tshirt Polo - White",1,0,visible,,,,,taxable,parent,1,,,0,1,,,,,0,,139,150,,,,https://localhost/shop_v2/wp-content/uploads/2021/06/il_794xN.2426032212_ivxl.jpg,,,000005,,,,,,1,,,,,,,,,,,,,,Color,White,,0
4327,variation,,"Tshirt Polo - Yellow",1,0,visible,,,,,taxable,parent,1,,,0,1,,,,,0,,129,140,,,,https://localhost/shop_v2/wp-content/uploads/2021/06/il_794xN.2426032214_pu07.jpg,,,000005,,,,,,2,,,,,,,,,,,,,,Color,Yellow,,0
4328,variation,,"Tshirt Polo - Black",1,0,visible,,,,,taxable,parent,1,,,0,1,,,,,0,,149,160,,,,https://localhost/shop_v2/wp-content/uploads/2021/06/il_794xN.2426031920_1ip8-1.jpg,,,000005,,,,,,3,,,,,,,,,,,,,,Color,Black,,0
4329,variation,,"Tshirt Polo - Red",1,0,visible,,,,,taxable,parent,1,,,0,1,,,,,0,,109,129,,,,https://localhost/shop_v2/wp-content/uploads/2021/06/il_794xN.2426032190_pb62.jpg,,,000005,,,,,,4,,,,,,,,,,,,,,Color,Red,,0
4334,simple,000007,"jacket jorden",1,0,visible,,"<p class=""wt-text-body-03 wt-line-height-tight wt-break-word wt-mb-xs-1"" data-buy-box-listing-title=""true"">vintage 90's Très Rare!! Nike Air Michael Jordan Veste Cuir Cuir Édition Limitée Biglogo Rare vintage Nike swoosh Hiphop vintage</p>",,,taxable,,1,50,6,notify,1,,,,,1,,349,499,Jackets,,,https://localhost/shop_v2/wp-content/uploads/2021/06/il_794xN.2339231740_gbmc.jpg,,,,,,,,,0,,,sync-and-show,default,default,default,,"%%title%% %%page%% %%sep%% %%sitename%% vintage 90's Très Rare!! Nike Air Michael Jordan Veste Cuir Cuir Édition Limitée Biglogo Rare vintage Nike swoosh Hiphop vintage","vintage 90's Très Rare!! Nike Air Michael Jordan Veste Cuir Cuir Édition Limitée Biglogo Rare vintage Nike swoosh Hiphop vintage",,90,1,32,,,,
4336,simple,000007-1,"jacket jorden 2",1,0,visible,,"<p class=""wt-text-body-03 wt-line-height-tight wt-break-word wt-mb-xs-1"" data-buy-box-listing-title=""true"">vintage 90's Très Rare!! Nike Air Michael Jordan Veste Cuir Cuir Édition Limitée Biglogo Rare vintage Nike swoosh Hiphop vintage</p>",,,taxable,,1,50,6,notify,1,,,,,1,,349,499,Jackets,,,https://localhost/shop_v2/wp-content/uploads/2021/06/il_340x270.3035353228_haen.jpg,,,,,,,,,0,,,sync-and-show,default,default,default,,"%%title%% %%page%% %%sep%% %%sitename%% vintage 90's Très Rare!! Nike Air Michael Jordan Veste Cuir Cuir Édition Limitée Biglogo Rare vintage Nike swoosh Hiphop vintage","vintage 90's Très Rare!! Nike Air Michael Jordan Veste Cuir Cuir Édition Limitée Biglogo Rare vintage Nike swoosh Hiphop vintage",,90,1,32,,,,
4339,simple,000007-1-1,"jacket  simple black",1,0,visible,,"<p class=""wt-text-body-03 wt-line-height-tight wt-break-word wt-mb-xs-1"" data-buy-box-listing-title=""true"">vintage 90's Très Rare!! Nike Air Michael Jordan Veste Cuir Cuir Édition Limitée Biglogo Rare vintage Nike swoosh Hiphop vintage</p>",,,taxable,,1,50,6,notify,1,,,,,1,,349,499,Jackets,,,https://localhost/shop_v2/wp-content/uploads/2021/06/il_340x270.3039548207_c8c7.jpg,,,,,,,,,0,,,sync-and-show,default,default,default,,"%%title%% %%page%% %%sep%% %%sitename%% vintage 90's Très Rare!! Nike Air Michael Jordan Veste Cuir Cuir Édition Limitée Biglogo Rare vintage Nike swoosh Hiphop vintage","vintage 90's Très Rare!! Nike Air Michael Jordan Veste Cuir Cuir Édition Limitée Biglogo Rare vintage Nike swoosh Hiphop vintage",,90,1,32,,,,
4341,simple,000007-1-1-1,"jacket white simple",1,0,visible,,"<p class=""wt-text-body-03 wt-line-height-tight wt-break-word wt-mb-xs-1"" data-buy-box-listing-title=""true"">vintage 90's Très Rare!! Nike Air Michael Jordan Veste Cuir Cuir Édition Limitée Biglogo Rare vintage Nike swoosh Hiphop vintage</p>",,,taxable,,1,50,6,notify,1,,,,,1,,349,499,Jackets,,,https://localhost/shop_v2/wp-content/uploads/2021/06/il_340x270.1647134839_9hyc.jpg,,,,,,,,,0,,,sync-and-show,default,default,default,,"%%title%% %%page%% %%sep%% %%sitename%% vintage 90's Très Rare!! Nike Air Michael Jordan Veste Cuir Cuir Édition Limitée Biglogo Rare vintage Nike swoosh Hiphop vintage","vintage 90's Très Rare!! Nike Air Michael Jordan Veste Cuir Cuir Édition Limitée Biglogo Rare vintage Nike swoosh Hiphop vintage",,90,1,32,,,,
4343,variable,000009,"jacket simple  miltu colors",1,0,visible,,"<p class=""wt-text-body-03 wt-line-height-tight wt-break-word wt-mb-xs-1"" data-buy-box-listing-title=""true"">vintage 90's Très Rare!! Nike Air Michael Jordan Veste Cuir Cuir Édition Limitée Biglogo Rare vintage Nike swoosh Hiphop vintage</p>",,,taxable,,1,50,6,notify,1,,,,,1,,,,Jackets,,,https://localhost/shop_v2/wp-content/uploads/2021/06/jackets-1.jpg,,,,,,,,,0,,,sync-and-show,default,default,default,,"%%title%% %%page%% %%sep%% %%sitename%% vintage 90's Très Rare!! Nike Air Michael Jordan Veste Cuir Cuir Édition Limitée Biglogo Rare vintage Nike swoosh Hiphop vintage","vintage 90's Très Rare!! Nike Air Michael Jordan Veste Cuir Cuir Édition Limitée Biglogo Rare vintage Nike swoosh Hiphop vintage",,90,1,32,Color,"Blue, White, black",1,0
4345,variation,,"jacket simple  miltu colors - black",1,0,visible,,,,,taxable,parent,1,,,0,1,,,,,0,,499,599,,,,https://localhost/shop_v2/wp-content/uploads/2021/06/jackets-1.jpg,,,000009,,,,,,1,,,,,,,,,,,,,,Color,black,,0
4346,variation,,"jacket simple  miltu colors - White",1,0,visible,,,,,taxable,parent,1,,,0,1,,,,,0,,599,600,,,,https://localhost/shop_v2/wp-content/uploads/2021/06/luminous-bomber-jacket-white-14.jpg,,,000009,,,,,,2,,,,,,,,,,,,,,Color,White,,0
4347,variation,,"jacket simple  miltu colors - Blue",1,0,visible,,,,,taxable,parent,1,,,0,1,,,,,0,,499,599,,,,https://localhost/shop_v2/wp-content/uploads/2021/06/jacket2.jpg,,,000009,,,,,,3,,,,,,,,,,,,,,Color,Blue,,0
4353,simple,,"hats men",1,0,visible,"Chapeaux de fête nuptiale personnalisés | Chapeaux Snapback de mariage | Chapeaux groomsmen personnalisés | Chapeaux patch en cuir personnalisés","<p class=""wt-text-body-03 wt-line-height-tight wt-break-word wt-mb-xs-1"" data-buy-box-listing-title=""true"">Chapeaux de fête nuptiale personnalisés | Chapeaux Snapback de mariage | Chapeaux groomsmen personnalisés | Chapeaux patch en cuir personnalisés</p>",,,taxable,,1,70,5,notify,1,,,,,1,,129,159,Hats,,,https://localhost/shop_v2/wp-content/uploads/2021/06/il_794xN.2979264936_kelo.jpg,,,,,,,,,0,,,sync-and-show,default,default,default,,"%%title%% %%page%% %%sep%% %%sitename%% Chapeaux de fête nuptiale personnalisés | Chapeaux Snapback de mariage | Chapeaux groomsmen personnalisés | Chapeaux patch en cuir personnalisés","Chapeaux de fête nuptiale personnalisés | Chapeaux Snapback de mariage | Chapeaux groomsmen personnalisés | Chapeaux patch en cuir personnalisés",,60,1,35,,,,
4355,simple,,"hat jorden",1,0,visible,"Chapeaux de fête nuptiale personnalisés | Chapeaux Snapback de mariage | Chapeaux groomsmen personnalisés | Chapeaux patch en cuir personnalisés","<p class=""wt-text-body-03 wt-line-height-tight wt-break-word wt-mb-xs-1"" data-buy-box-listing-title=""true"">Chapeaux de fête nuptiale personnalisés | Chapeaux Snapback de mariage | Chapeaux groomsmen personnalisés | Chapeaux patch en cuir personnalisés</p>",,,taxable,,1,70,5,notify,1,,,,,1,,129,159,Hats,,,https://localhost/shop_v2/wp-content/uploads/2021/06/il_794xN.3045633997_ffcc.jpg,,,,,,,,,0,,,sync-and-show,default,default,default,,"%%title%% %%page%% %%sep%% %%sitename%% Chapeaux de fête nuptiale personnalisés | Chapeaux Snapback de mariage | Chapeaux groomsmen personnalisés | Chapeaux patch en cuir personnalisés","Chapeaux de fête nuptiale personnalisés | Chapeaux Snapback de mariage | Chapeaux groomsmen personnalisés | Chapeaux patch en cuir personnalisés",,60,1,35,,,,
4357,simple,0000088,"hat classic",1,0,visible,"Chapeaux de fête nuptiale personnalisés | Chapeaux Snapback de mariage | Chapeaux groomsmen personnalisés | Chapeaux patch en cuir personnalisés","<p class=""wt-text-body-03 wt-line-height-tight wt-break-word wt-mb-xs-1"" data-buy-box-listing-title=""true"">Chapeaux de fête nuptiale personnalisés | Chapeaux Snapback de mariage | Chapeaux groomsmen personnalisés | Chapeaux patch en cuir personnalisés</p>",,,taxable,,1,70,5,notify,1,,,,,1,,129,159,Hats,,,https://localhost/shop_v2/wp-content/uploads/2021/06/il_794xN.2821755093_jfbm.jpg,,,,,,,,,0,,,sync-and-show,default,default,default,,"%%title%% %%page%% %%sep%% %%sitename%% Chapeaux de fête nuptiale personnalisés | Chapeaux Snapback de mariage | Chapeaux groomsmen personnalisés | Chapeaux patch en cuir personnalisés","Chapeaux de fête nuptiale personnalisés | Chapeaux Snapback de mariage | Chapeaux groomsmen personnalisés | Chapeaux patch en cuir personnalisés",,60,1,35,,,,
4359,simple,0000088-1,"rose hat",1,0,visible,"Chapeaux de fête nuptiale personnalisés | Chapeaux Snapback de mariage | Chapeaux groomsmen personnalisés | Chapeaux patch en cuir personnalisés","<p class=""wt-text-body-03 wt-line-height-tight wt-break-word wt-mb-xs-1"" data-buy-box-listing-title=""true"">Chapeaux de fête nuptiale personnalisés | Chapeaux Snapback de mariage | Chapeaux groomsmen personnalisés | Chapeaux patch en cuir personnalisés</p>",,,taxable,,1,70,5,notify,1,,,,,1,,129,159,Hats,,,https://localhost/shop_v2/wp-content/uploads/2021/06/il_794xN.2311744643_ihvl.jpg,,,,,,,,,0,,,sync-and-show,default,default,default,,"%%title%% %%page%% %%sep%% %%sitename%% Chapeaux de fête nuptiale personnalisés | Chapeaux Snapback de mariage | Chapeaux groomsmen personnalisés | Chapeaux patch en cuir personnalisés","Chapeaux de fête nuptiale personnalisés | Chapeaux Snapback de mariage | Chapeaux groomsmen personnalisés | Chapeaux patch en cuir personnalisés",,60,1,35,,,,
4361,simple,0000088-1-1,"boys chapeaux",1,0,visible,"Chapeaux de fête nuptiale personnalisés | Chapeaux Snapback de mariage | Chapeaux groomsmen personnalisés | Chapeaux patch en cuir personnalisés","<p class=""wt-text-body-03 wt-line-height-tight wt-break-word wt-mb-xs-1"" data-buy-box-listing-title=""true"">Chapeaux de fête nuptiale personnalisés | Chapeaux Snapback de mariage | Chapeaux groomsmen personnalisés | Chapeaux patch en cuir personnalisés</p>",,,taxable,,1,70,5,notify,1,,,,,1,,129,159,Hats,,,https://localhost/shop_v2/wp-content/uploads/2021/06/il_794xN.2979264092_irje.jpg,,,,,,,,,0,,,sync-and-show,default,default,default,,"%%title%% %%page%% %%sep%% %%sitename%% Chapeaux de fête nuptiale personnalisés | Chapeaux Snapback de mariage | Chapeaux groomsmen personnalisés | Chapeaux patch en cuir personnalisés","Chapeaux de fête nuptiale personnalisés | Chapeaux Snapback de mariage | Chapeaux groomsmen personnalisés | Chapeaux patch en cuir personnalisés",,60,1,35,,,,
4363,simple,,"Jeans Men style",1,0,visible,"<h1 class=""wt-text-body-03 wt-line-height-tight wt-break-word wt-mb-xs-1"" data-buy-box-listing-title=""true"">vintage Washed Jeans Women Streetwear Jeans Harajuku Cartoon Anime Print Jeans Fashion Man Jeans Loose Wide Leg Pants Coton</h1>","<p class=""wt-text-body-03 wt-line-height-tight wt-break-word wt-mb-xs-1"" data-buy-box-listing-title=""true"">vintage Washed Jeans Women Streetwear Jeans Harajuku Cartoon Anime Print Jeans Fashion Man Jeans Loose Wide Leg Pants Coton</p>",,,taxable,,1,90,10,notify,1,,,,,1,,29,39,Jeans,,,https://localhost/shop_v2/wp-content/uploads/2021/06/il_794xN.2991546905_d1g9.jpg,,,,,,,,,0,,,sync-and-show,default,default,default,,"%%title%% %%page%% %%sep%% %%sitename%% vintage Washed Jeans Women Streetwear Jeans Harajuku Cartoon Anime Print Jeans Fashion Man Jeans Loose Wide Leg Pants Coton","vintage Washed Jeans Women Streetwear Jeans Harajuku Cartoon Anime Print Jeans Fashion Man Jeans Loose Wide Leg Pants Coton",,60,1,31,,,,
4365,simple,,"Jeans Bys style",1,0,visible,"<h1 class=""wt-text-body-03 wt-line-height-tight wt-break-word wt-mb-xs-1"" data-buy-box-listing-title=""true"">vintage Washed Jeans Women Streetwear Jeans Harajuku Cartoon Anime Print Jeans Fashion Man Jeans Loose Wide Leg Pants Coton</h1>","<p class=""wt-text-body-03 wt-line-height-tight wt-break-word wt-mb-xs-1"" data-buy-box-listing-title=""true"">vintage Washed Jeans Women Streetwear Jeans Harajuku Cartoon Anime Print Jeans Fashion Man Jeans Loose Wide Leg Pants Coton</p>",,,taxable,,1,90,10,notify,1,,,,,1,,29,39,Jeans,,,https://localhost/shop_v2/wp-content/uploads/2021/06/il_794xN.3212192013_kd1p.jpg,,,,,,,,,0,,,sync-and-show,default,default,default,,"%%title%% %%page%% %%sep%% %%sitename%% vintage Washed Jeans Women Streetwear Jeans Harajuku Cartoon Anime Print Jeans Fashion Man Jeans Loose Wide Leg Pants Coton","vintage Washed Jeans Women Streetwear Jeans Harajuku Cartoon Anime Print Jeans Fashion Man Jeans Loose Wide Leg Pants Coton",,60,1,31,,,,
4367,simple,,"Jeans hipise",1,0,visible,"<h1 class=""wt-text-body-03 wt-line-height-tight wt-break-word wt-mb-xs-1"" data-buy-box-listing-title=""true"">vintage Washed Jeans Women Streetwear Jeans Harajuku Cartoon Anime Print Jeans Fashion Man Jeans Loose Wide Leg Pants Coton</h1>","<p class=""wt-text-body-03 wt-line-height-tight wt-break-word wt-mb-xs-1"" data-buy-box-listing-title=""true"">vintage Washed Jeans Women Streetwear Jeans Harajuku Cartoon Anime Print Jeans Fashion Man Jeans Loose Wide Leg Pants Coton</p>",,,taxable,,1,90,10,notify,1,,,,,1,,29,39,Jeans,,,https://localhost/shop_v2/wp-content/uploads/2021/06/il_794xN.3052884929_blni.jpg,,,,,,,,,0,,,sync-and-show,default,default,default,,"%%title%% %%page%% %%sep%% %%sitename%% vintage Washed Jeans Women Streetwear Jeans Harajuku Cartoon Anime Print Jeans Fashion Man Jeans Loose Wide Leg Pants Coton","vintage Washed Jeans Women Streetwear Jeans Harajuku Cartoon Anime Print Jeans Fashion Man Jeans Loose Wide Leg Pants Coton",,60,1,31,,,,
4369,simple,,"Jeans hiphop style",1,0,visible,"<h1 class=""wt-text-body-03 wt-line-height-tight wt-break-word wt-mb-xs-1"" data-buy-box-listing-title=""true"">vintage Washed Jeans Women Streetwear Jeans Harajuku Cartoon Anime Print Jeans Fashion Man Jeans Loose Wide Leg Pants Coton</h1>","<p class=""wt-text-body-03 wt-line-height-tight wt-break-word wt-mb-xs-1"" data-buy-box-listing-title=""true"">vintage Washed Jeans Women Streetwear Jeans Harajuku Cartoon Anime Print Jeans Fashion Man Jeans Loose Wide Leg Pants Coton</p>",,,taxable,,1,90,10,notify,1,,,,,1,,29,39,Jeans,,,https://localhost/shop_v2/wp-content/uploads/2021/06/il_794xN.3144911894_muzs.jpg,,,,,,,,,0,,,sync-and-show,default,default,default,,"%%title%% %%page%% %%sep%% %%sitename%% vintage Washed Jeans Women Streetwear Jeans Harajuku Cartoon Anime Print Jeans Fashion Man Jeans Loose Wide Leg Pants Coton","vintage Washed Jeans Women Streetwear Jeans Harajuku Cartoon Anime Print Jeans Fashion Man Jeans Loose Wide Leg Pants Coton",,60,1,31,,,,
4371,simple,,"Jeans simple",1,0,visible,"<h1 class=""wt-text-body-03 wt-line-height-tight wt-break-word wt-mb-xs-1"" data-buy-box-listing-title=""true"">vintage Washed Jeans Women Streetwear Jeans Harajuku Cartoon Anime Print Jeans Fashion Man Jeans Loose Wide Leg Pants Coton</h1>","<p class=""wt-text-body-03 wt-line-height-tight wt-break-word wt-mb-xs-1"" data-buy-box-listing-title=""true"">vintage Washed Jeans Women Streetwear Jeans Harajuku Cartoon Anime Print Jeans Fashion Man Jeans Loose Wide Leg Pants Coton</p>",,,taxable,,1,90,10,notify,1,,,,,1,,29,39,Jeans,,,https://localhost/shop_v2/wp-content/uploads/2021/06/il_794xN.3206908753_7btj.jpg,,,,,,,,,0,,,sync-and-show,default,default,default,,"%%title%% %%page%% %%sep%% %%sitename%% vintage Washed Jeans Women Streetwear Jeans Harajuku Cartoon Anime Print Jeans Fashion Man Jeans Loose Wide Leg Pants Coton","vintage Washed Jeans Women Streetwear Jeans Harajuku Cartoon Anime Print Jeans Fashion Man Jeans Loose Wide Leg Pants Coton",,60,1,31,,,,
